Review,Sentiment
"Great product, would buy again!",Positive
Worst purchase I ever made.,Negative
"Not bad, could be improved.",Neutral
Absolutely love it!,Positive
"Terrible, waste of money.",Negative
"So happy with this, definitely recommend.",Positive
"Horrible quality, very disappointing.",Negative
"Satisfactory, but nothing special.",Neutral
Very good quality for the price.,Positive
I am in love with this!,Positive
Will never buy again.,Negative
Couldn’t be happier!,Positive
Really didn’t meet expectations.,Negative
"Amazing, exceeded all my expectations.",Positive
"Quite good, but it has some issues.",Neutral
Perfect for what I needed.,Positive
"It’s okay, but not great.",Neutral
I wouldn’t recommend this to anyone.,Negative
One of the best things I’ve bought!,Positive
"Not the best, but decent enough.",Neutral
"Not as described, very disappointed.",Negative
Highly recommend this product.,Positive
Not worth the money at all.,Negative
So much better than I expected!,Positive
Doesn’t work as advertised.,Negative
I’m very satisfied with my purchase.,Positive
Definitely wouldn’t recommend.,Negative
I love everything about it.,Positive
"Average quality, nothing extraordinary.",Neutral
Worth every penny!,Positive
Regret buying this.,Negative
"This is amazing, top quality.",Positive
"It’s fine, but it could be better.",Neutral
"Not great, not terrible.",Neutral
So impressed with this product.,Positive
"I wouldn’t buy this again, poor quality.",Negative
Very happy with the results.,Positive
"This is just okay, nothing special.",Neutral
"It works well, but has some flaws.",Neutral
"Wouldn’t recommend, too many problems.",Negative
The best purchase I’ve made in a long time.,Positive
Not impressed with this at all.,Negative
"Highly recommend, fantastic product!",Positive
It’s decent but could be better.,Neutral
I am so happy I bought this!,Positive
"Quality is amazing, but a bit overpriced.",Neutral
Did not meet my expectations.,Negative
"Love this, will definitely buy again.",Positive
"Okay, not as good as I thought.",Neutral
The quality is fantastic!,Positive
"Very poor, do not buy.",Negative
"Excellent product, really happy with it.",Positive
Definitely will not buy again.,Negative
Very happy with my purchase!,Positive
"Good, but could have been better.",Neutral
"I’m impressed, this is great.",Positive
Disappointed with this product.,Negative
Great value for the price!,Positive
"Not a fan, wouldn’t recommend.",Negative
"Amazing product, super happy!",Positive
I expected better quality for the price.,Neutral
"Fantastic quality, will buy again.",Positive
Did not work as I thought it would.,Negative
"Great product, but shipping was slow.",Neutral
I expected more from this.,Negative
"Really bad experience, won’t buy again.",Negative
"I love this, exceeded expectations!",Positive
"This product is amazing, highly recommend.",Positive
So impressed by this product.,Positive
"It works okay, but not for long.",Neutral
"Product was good, but service was bad.",Neutral
"Waste of money, do not buy.",Negative
"Great experience overall, will buy again.",Positive
"Quality is good, but overpriced.",Neutral
Would definitely buy again.,Positive
"Not worth the money, very bad quality.",Negative
"Satisfactory, but not extraordinary.",Neutral
I am satisfied with the purchase.,Positive
This is exactly what I needed.,Positive
Doesn’t meet expectations.,Negative
Better than expected.,Positive
Good for the price.,Positive
So much worse than expected.,Negative
Excellent value for the price.,Positive
"Just average, nothing too special.",Neutral
This product is amazing!,Positive
Very disappointed with this purchase.,Negative
Really good for the price.,Positive
Love the quality.,Positive
Not worth the hype.,Negative
"Amazing quality, will buy again.",Positive
"It’s okay, but it doesn’t meet expectations.",Neutral
"This is a must-buy, highly recommend!",Positive
I expected more from this product.,Negative
This is an average product.,Neutral
I will not buy this again.,Negative
"Good product, just needs a few improvements.",Neutral
"This product is great, highly recommended.",Positive
Didn’t like it at all.,Negative
"I’m satisfied, but it could be better.",Neutral
"Awesome product, will purchase again.",Positive
Very dissatisfied with this product.,Negative
"Great purchase, would recommend!",Positive
"Not good quality, wouldn’t recommend.",Negative
Perfect for everyday use.,Positive
"Terrible quality, avoid at all costs.",Negative
"This product is amazing, works wonders.",Positive
Not impressed at all.,Negative
"Very satisfied, met all my expectations.",Positive
"Poor quality, wouldn’t recommend.",Negative
